Status,Prob.Name,lb.final,ub.final,box.final,iters.first,iters.final,time.first,time.final
Success,maratos,-1.0682219135329951,-0.9919204785522912,"[array([0.99192047, 1.06822205]), array([-0.07630157,  0.        ])]",30,36,0.5248353481292725,0.6521422863006592
