Status,Prob.Name,lb.final,ub.final,box.final,iters.first,iters.final,time.first,time.final
Success,monfroy1,0,0,"[array([15.81138827, 15.81138845]), array([15.81138827, 15.81138845]), array([3.2235243 , 3.22352466]), array([50.96839948, 50.96839985])]",154,154,2.768063545227051,2.768063545227051
