Status,Prob.Name,lb.final,ub.final,box.final,iters.first,iters.final,time.first,time.final
Success,redeco6,0,0,"[array([-0.20000057, -0.1999994 ]), array([-0.20000057, -0.19999824]), array([-0.20000057, -0.19999824]), array([-0.20000057, -0.19999824]), array([-0.20000057, -0.19999824]), array([-0.04000198, -0.03999965])]",199,199,7.391378164291382,7.391378164291382
