Status,Prob.Name,lb.final,ub.final,box.final,iters.first,iters.final,time.first,time.final
Success,kear11,0,0,"[array([0.67155075, 0.67155457]), array([0.74095154, 0.74095535]), array([0.95472717, 0.95473099]), array([0.29747391, 0.29747772]), array([0.12877655, 0.12878036]), array([-0.99167633, -0.99167252]), array([0.96930695, 0.96931458]), array([0.24583435, 0.24584198])]",158,158,55.76131200790405,55.76131200790405
